{
    "axe": "axe",
    "baby": "baby",
    "baby freebies": "babyfreebies",
    "baby stuff": "babystuff",
    "bathandbodyworks": "bathandbodyworks",
    "bath and body works": "bathandbodyworks",
    "bath &amp; body works": "bathandbodyworks",
    "bathroom tissue": "bathroomtissue",
    "beauty": "beauty",
    "beauty box": "beautybox",
    "beauty products": "beauty",
    "bodywash": "bodywash",
    "body wash coupons": "bodywashc",
    "bounce": "bounce",
    "bounty": "bounty",
    "burts bees": "burtsbees",
    "calvin klein": "calvinklein",
    "calvin klein samples": "calvinklein",
    "candy": "candy",
    "cat food": "catfood",
    "cat food coupons": "petfoodc",
    "christmas": "christmas",
    "clinique": "clinique",
    "clorox": "clorox",
    "coffee": "coffee",
    "coffee bundle": "coffeebundle",
    "coffee coupons": "coffeec",
    "cosmetic samples": "makeup3",
    "cosmetic samples 2": "makeup2",
    "crisco": "crisco",
    "samples": "default",
    "samples default": "default",
    "deodorant": "deodorant",
    "detergent": "detergent",
    "dewalt tool kit": "dewalt",
    "diapers": "diapers",
    "dove": "dovepack",
    "diaper coupons": "diapersc",
    "dove samples": "dove",
    "dove lotion": "dovelotion",
    "dove pack": "dovepack",
    "downy": "downy",
    "estee lauder": "estee",
    "fall beauty": "fallbeauty",
    "febreze": "febreze",
    "free stuff": "generic1",
    "freebies": "generic2",
    "coupons": "genericc",
    "generic samples": "sasgeneric",
    "gillette razor": "gillette",
    "gillette razor samples": "gillette2",
    "glade": "glade",
    "glade candles": "gladecandles",
    "grocery": "grocery",
    "groceries": "grocery",
    "hair dye": "hairdye",
    "hair and skin": "hairandskin",
    "loreal": "hairdye",
    "loreal hair dye": "hairdye",
    "l\"oreal hair dye": "hairdye",
    "hefty": "hefty",
    "honestco": "honestco",
    "honestco 2": "honestco2",
    "kelloggs": "kelloggs",
    "lip gloss": "lipgloss",
    "lipton tea": "liptontea",
    "lotion": "lotion",
    "mac": "mac",
    "mac samples": "mac",
    "magic eraser": "magiceraser",
    "mascara": "mascara",
    "mcdonalds": "mcdonalds",
    "mc donalds": "mcdonalds",
    "mouthwash": "mouthwash",
    "mr clean": "mrclean",
    "mr. clean": "mrclean",
    "neutrogena": "neutrogena",
    "oreos": "oreos",
    "oreos samples": "oreos",
    "pampers": "pampersc",
    "pampers coupons": "pampersc",
    "perfume": "perfume",
    "pet food": "petfood",
    "samples": "smplsv",
    "samples valued at $75": "samples75",
    "sas generic": "sasgeneric",
    "seasonal yankee candle": "seasonal",
    "sephora": "sephora",
    "shampoo": "shampoo",
    "shampoo coupons": "shampooc",
    "shaving": "shavingproducts",
    "shaving products": "shavingproducts",
    "shaving product coupons": "shavingproductsc",
    "snuggles": "snuggles",
    "starbucks": "starbucks",
    "starbucks samples": "starbucks",
    "summerbeauty": "summerbeauty",
    "summer beauty": "summerbeauty",
    "surf": "surf",
    "swiffer": "swiffer",
    "tampon": "tampon",
    "tampons": "tampon",
    "tampon coupons": "tamponsc",
    "testiy": "testiy",
    "thanksgiving groceries": "thanksgiving",
    "thanksgiving grocery samples": "thanksgiving",
    "tide": "tide",
    "tide pack": "tidepack",
    "tide pods &amp; febreze": "tidepodfebreze",
    "toilet paper": "toiletpaperc",
    "toilet paper coupons": "toiletpaperc",
    "toothpaste": "toothpaste",
    "urbandecay": "urbandecay",
    "urban decay": "urbandecay",
    "victoriassecret": "vsecret",
    "victorias secret": "vsecret",
    "winter beauty": "winterbeauty",
    "yankeecandle": "yankeegeneric",
    "yankee candle": "yankeegeneric",
    "yankee candle generic": "yankeegeneric",
    "ziplock": "ziplock"
}